1	[{"image_id": "42", "caption": "a bathroom with a sink and a toilet and a mirror"}]
2	[{"image_id": "42", "caption": "a woman standing in the water holding a surfboard"}]
3	[{"image_id": "42", "caption": "a bathroom with a sink and a mirror"}]
4	[{"image_id": "42", "caption": "two elephants standing next to each other in a cage"}]
5	[{"image_id": "42", "caption": "a man riding a wave on a surfboard in the ocean"}]
6	[{"image_id": "42", "caption": "a room with a desk with a television and a bed"}]
7	[{"image_id": "42", "caption": "a man doing a trick on a skateboard in the air"}]
8	[{"image_id": "42", "caption": "a dog catching a blue frisbee in its mouth"}]
9	[{"image_id": "42", "caption": "a black and white vase with a bird in it"}]
10	[{"image_id": "42", "caption": "a group of blue and yellow umbrellas in front of a building"}]
11	[{"image_id": "42", "caption": "two blue and white airplanes parked in front of an airport"}]
12	[{"image_id": "42", "caption": "a group of white vases with flowers on a table"}]
13	[{"image_id": "42", "caption": "a plate with a variety of food on a table"}]
14	[{"image_id": "42", "caption": "two zebras standing in a field of grass"}]
15	[{"image_id": "42", "caption": "two horses grazing in a field of green grass"}]
16	[{"image_id": "42", "caption": "two giraffes walking in the brush in a field"}]
17	[{"image_id": "42", "caption": "a plate of food with rice and vegetables on a tray"}]
18	[{"image_id": "42", "caption": "a man riding a wave on a surfboard in the water"}]
19	[{"image_id": "42", "caption": "two sheep sitting in a grassy field"}]
20	[{"image_id": "42", "caption": "a plate of food with rice and vegetables on a tray"}]
21	[{"image_id": "42", "caption": "a bunch of hot dogs cooking on a grill"}]
22	[{"image_id": "42", "caption": "a woman walking down a street with a suitcase and a traffic light"}]
23	[{"image_id": "42", "caption": "a display of dishes and sinks on a shelf in a museum"}]
24	[{"image_id": "42", "caption": "a man standing next to a tree with a giraffe"}]
25	[{"image_id": "42", "caption": "two horses grazing in a field of green grass"}]
26	[{"image_id": "42", "caption": "two sheep standing on top of a hill"}]
27	[{"image_id": "42", "caption": "two people on skis posing for a picture in the snow"}]
28	[{"image_id": "42", "caption": "a pink bathroom with a toilet and a sink"}]
29	[{"image_id": "42", "caption": "a man doing a trick on a skateboard in the air"}]
30	[{"image_id": "42", "caption": "a green street sign on the side of a road"}]
31	[{"image_id": "42", "caption": "a group of people sitting on the beach under an umbrella"}]
32	[{"image_id": "42", "caption": "a baseball player running to a base on a field"}]
33	[{"image_id": "42", "caption": "a man sitting on the front of a boat in the water"}]
34	[{"image_id": "42", "caption": "a woman sitting on a surfboard in the ocean"}]
35	[{"image_id": "42", "caption": "a bathroom with a sink and a mirror"}]
36	[{"image_id": "42", "caption": "a baseball player running to a base on a field"}]
37	[{"image_id": "42", "caption": "a young man playing with a frisbee on the beach"}]
38	[{"image_id": "42", "caption": "a man is standing on skis in the snow"}]
39	[{"image_id": "42", "caption": "a horse drawn carriage in front of a house"}]
40	[{"image_id": "42", "caption": "a park with benches and a greenhouse with flowers"}]
41	[{"image_id": "42", "caption": "a truck with a kite in the back of it"}]
42	[{"image_id": "42", "caption": "a bathroom with a sink and a toilet"}]
43	[{"image_id": "42", "caption": "two horses grazing in a field of green grass"}]
44	[{"image_id": "42", "caption": "a plane flying low over the ocean with a person in the water"}]
45	[{"image_id": "42", "caption": "a pink bathroom with a toilet and a sink"}]
46	[{"image_id": "42", "caption": "a woman sitting on a surfboard in the ocean"}]
47	[{"image_id": "42", "caption": "two elephants walking in a body of water"}]
48	[{"image_id": "42", "caption": "a group of motorcycles parked in front of a building"}]
49	[{"image_id": "42", "caption": "a large clock on the side of a building"}]
50	[{"image_id": "42", "caption": "a parking meter on a city street at night"}]
51	[{"image_id": "42", "caption": "a bathroom with a sink and a toilet and a mirror"}]
52	[{"image_id": "42", "caption": "a man doing a trick on a skateboard in the air"}]
53	[{"image_id": "42", "caption": "a man sitting on the front of a boat in the water"}]
54	[{"image_id": "42", "caption": "a man riding skis on top of a snow covered mountain"}]
55	[{"image_id": "42", "caption": "a parking meter on a city street at night"}]
56	[{"image_id": "42", "caption": "a white bathroom with a toilet and a sink"}]
57	[{"image_id": "42", "caption": "a bunch of hot dogs cooking on a grill"}]
58	[{"image_id": "42", "caption": "a bathroom with a sink and a toilet"}]
59	[{"image_id": "42", "caption": "a plane flying low over the ocean with a person in the water"}]
60	[{"image_id": "42", "caption": "a bathroom with a sink and a wall of pictures"}]
61	[{"image_id": "42", "caption": "a man and a woman flying a kite on the beach"}]
62	[{"image_id": "42", "caption": "a horse drawn carriage in front of a house"}]
63	[{"image_id": "42", "caption": "a man doing a trick on a skateboard in the air"}]
64	[{"image_id": "42", "caption": "a kitchen with wooden cabinets and stainless steel appliances"}]
65	[{"image_id": "42", "caption": "a bathroom with a sink and a toilet and a mirror"}]
66	[{"image_id": "42", "caption": "a train on the tracks in front of a building"}]
67	[{"image_id": "42", "caption": "a man doing a trick on a skateboard in the air"}]
68	[{"image_id": "42", "caption": "two men playing with a frisbee in a field"}]
69	[{"image_id": "42", "caption": "a man throwing a frisbee in a park"}]
70	[{"image_id": "42", "caption": "a group of people playing frisbee in a field"}]
71	[{"image_id": "42", "caption": "a bathroom with a sink and a wall of pictures"}]
72	[{"image_id": "42", "caption": "a blue train on a bridge in a city"}]
73	[{"image_id": "42", "caption": "a man swinging a tennis racket on a tennis court"}]
74	[{"image_id": "42", "caption": "a boy doing a trick on a skateboard in front of a building"}]
75	[{"image_id": "42", "caption": "a boat on the water next to a hill with trees"}]
76	[{"image_id": "42", "caption": "a man riding a motorcycle down the street"}]
77	[{"image_id": "42", "caption": "a group of young people playing a game of frisbee"}]
78	[{"image_id": "42", "caption": "a woman in a kitchen putting something in the oven"}]
79	[{"image_id": "42", "caption": "a military truck parked in a field next to a tree"}]
80	[{"image_id": "42", "caption": "a man is cross country skiing in the snow"}]
81	[{"image_id": "42", "caption": "a plate of carrots and other vegetables on a table"}]
82	[{"image_id": "42", "caption": "a red dump truck driving down a dirt road"}]
83	[{"image_id": "42", "caption": "a zebra standing next to another zebra laying on the ground"}]
84	[{"image_id": "42", "caption": "a young man playing with a frisbee on the beach"}]
85	[{"image_id": "42", "caption": "a box filled with lots of different types of donuts"}]
86	[{"image_id": "42", "caption": "two people on skis on a snow covered mountain"}]
87	[{"image_id": "42", "caption": "two people on skis posing for a picture in the snow"}]
88	[{"image_id": "42", "caption": "a young man playing with a frisbee on the beach"}]
89	[{"image_id": "42", "caption": "a man is standing in a pile of snow"}]
90	[{"image_id": "42", "caption": "a group of boats docked on the water under a bridge"}]
91	[{"image_id": "42", "caption": "a person is holding an umbrella and a chair"}]
92	[{"image_id": "42", "caption": "a computer monitor and a keyboard and mouse on a desk"}]
93	[{"image_id": "42", "caption": "a man swinging a tennis racket on a tennis court"}]
94	[{"image_id": "42", "caption": "a group of children standing on a small boat in the water"}]
95	[{"image_id": "42", "caption": "a blue train on a bridge in a city"}]
96	[{"image_id": "42", "caption": "a man riding a snowboard down a snow covered street"}]
97	[{"image_id": "42", "caption": "a young boy riding a skateboard on a ramp"}]
98	[{"image_id": "42", "caption": "a dog sitting next to a red fire hydrant"}]
99	[{"image_id": "42", "caption": "a room with a desk with a television and a bed"}]
100	[{"image_id": "42", "caption": "a baseball player throwing a ball on a field"}]
101	[{"image_id": "42", "caption": "two dogs running on the beach near the ocean"}]
102	[{"image_id": "42", "caption": "a baseball player swinging a bat on a field"}]
103	[{"image_id": "42", "caption": "a bathroom with a sink and a toilet and a mirror"}]
104	[{"image_id": "42", "caption": "two donuts on a table with a cup of coffee"}]
105	[{"image_id": "42", "caption": "a small airplane taking off from a runway"}]
106	[{"image_id": "42", "caption": "two blue and white airplanes parked in front of an airport"}]
107	[{"image_id": "42", "caption": "a group of cows laying down in a barn"}]
108	[{"image_id": "42", "caption": "a person looking at a plane on an airport runway"}]
109	[{"image_id": "42", "caption": "a man doing a trick on a skateboard on a rail"}]
110	[{"image_id": "42", "caption": "a row of signs on the side of a fence"}]
111	[{"image_id": "42", "caption": "a woman is standing on skis in the snow"}]
112	[{"image_id": "42", "caption": "a man doing a trick on a skateboard in the air"}]
113	[{"image_id": "42", "caption": "a painting of a vase and fruit on a table"}]
114	[{"image_id": "42", "caption": "two women standing next to a brick wall with skateboards"}]
115	[{"image_id": "42", "caption": "a woman in a kitchen putting something in the oven"}]
116	[{"image_id": "42", "caption": "a white bathroom with a toilet and a sink"}]
117	[{"image_id": "42", "caption": "a woman walking in the rain with a pink umbrella"}]
118	[{"image_id": "42", "caption": "a man is standing on skis in the snow"}]
119	[{"image_id": "42", "caption": "a baseball player holding a bat on a field"}]
120	[{"image_id": "42", "caption": "a baseball player running to a base on a field"}]
121	[{"image_id": "42", "caption": "a black and white vase with a bird in it"}]
122	[{"image_id": "42", "caption": "two sheep sitting in a grassy field"}]
123	[{"image_id": "42", "caption": "a man flying through the air on a snowboard"}]
124	[{"image_id": "42", "caption": "a man riding a snowboard down a snow covered street"}]
125	[{"image_id": "42", "caption": "a bathroom with a sink and a mirror"}]
126	[{"image_id": "42", "caption": "a man and a woman standing on a picnic table under an umbrella"}]
127	[{"image_id": "42", "caption": "a woman is looking at a bird flying in the sky"}]
128	[{"image_id": "42", "caption": "a man riding a motorcycle on a dirt road"}]
129	[{"image_id": "42", "caption": "a person standing in the snow with a snowboard"}]
130	[{"image_id": "42", "caption": "people waiting for their luggage at an airport"}]
131	[{"image_id": "42", "caption": "two men skateboarding on a ramp at a skate park"}]
132	[{"image_id": "42", "caption": "a baseball player throwing a ball on a field"}]
133	[{"image_id": "42", "caption": "a bathroom with a toilet and a tub and a sink"}]
134	[{"image_id": "42", "caption": "a baseball player holding a bat at home plate"}]
135	[{"image_id": "42", "caption": "two zebras playing with each other in a field"}]
136	[{"image_id": "42", "caption": "a person is on skis in the snow"}]
137	[{"image_id": "42", "caption": "a bathroom with a sink and a toilet"}]
138	[{"image_id": "42", "caption": "two people are cross country skiing in the snow"}]
139	[{"image_id": "42", "caption": "a group of people playing frisbee in a field"}]
140	[{"image_id": "42", "caption": "two donuts on a table with a cup of coffee"}]
141	[{"image_id": "42", "caption": "a baseball player swinging a bat at a ball"}]
142	[{"image_id": "42", "caption": "a bathroom with a tub and a sink and a toilet"}]
143	[{"image_id": "42", "caption": "a small airplane taking off from a runway"}]
144	[{"image_id": "42", "caption": "a group of blue and yellow umbrellas in front of a building"}]
145	[{"image_id": "42", "caption": "two zebras standing in a field of grass"}]
146	[{"image_id": "42", "caption": "two people sitting on a bench next to a tree"}]
147	[{"image_id": "42", "caption": "two people on skis on a snow covered mountain"}]
148	[{"image_id": "42", "caption": "a plate of food with a stir fry with broccoli"}]
149	[{"image_id": "42", "caption": "two giraffes eating leaves from a tree in a field"}]
150	[{"image_id": "42", "caption": "a man walking in the rain with an umbrella"}]
151	[{"image_id": "42", "caption": "a woman sitting on a surfboard in the ocean"}]
152	[{"image_id": "42", "caption": "a man doing a trick on a skateboard on a bench"}]
153	[{"image_id": "42", "caption": "a kitchen with wooden cabinets and a sink"}]
154	[{"image_id": "42", "caption": "a man riding a wave on a surfboard in the ocean"}]
155	[{"image_id": "42", "caption": "a man swinging a tennis racket on a tennis court"}]
156	[{"image_id": "42", "caption": "a man flying through the air while riding a snowboard"}]
157	[{"image_id": "42", "caption": "a woman stirring a pan of food in a kitchen"}]
158	[{"image_id": "42", "caption": "a man riding a horse in a field"}]
159	[{"image_id": "42", "caption": "two giraffes standing next to a rock wall"}]
160	[{"image_id": "42", "caption": "a bathroom with a toilet and a sink"}]
161	[{"image_id": "42", "caption": "a group of people playing frisbee in a field"}]
162	[{"image_id": "42", "caption": "a group of young people playing a game of frisbee"}]
163	[{"image_id": "42", "caption": "a plane flying low over the ocean with a person in the water"}]
164	[{"image_id": "42", "caption": "a group of children sitting in front of a television"}]
165	[{"image_id": "42", "caption": "a man doing a trick on a skateboard on a rail"}]
166	[{"image_id": "42", "caption": "two donuts on a table with a cup of coffee"}]
167	[{"image_id": "42", "caption": "a man flying through the air on a snowboard"}]
168	[{"image_id": "42", "caption": "a man doing a trick on a skateboard on a bench"}]
169	[{"image_id": "42", "caption": "a man riding a bike down a dirt road"}]
170	[{"image_id": "42", "caption": "a room with white curtains and a suitcase"}]
171	[{"image_id": "42", "caption": "a man riding a wave on a surfboard in the ocean"}]
172	[{"image_id": "42", "caption": "a baseball player holding a bat on a field"}]
173	[{"image_id": "42", "caption": "a man riding a bike down a dirt road"}]
174	[{"image_id": "42", "caption": "a man riding a wave on a surfboard in the ocean"}]
175	[{"image_id": "42", "caption": "a group of zebras and a giraffe in a field"}]
176	[{"image_id": "42", "caption": "a parking meter on a city street at night"}]
177	[{"image_id": "42", "caption": "a person looking at a plane on an airport runway"}]
178	[{"image_id": "42", "caption": "a man riding a horse in a field"}]
179	[{"image_id": "42", "caption": "a room with a desk with a television and a bed"}]
180	[{"image_id": "42", "caption": "two giraffes standing next to a rock wall"}]
181	[{"image_id": "42", "caption": "a bird sitting on a park bench in the rain"}]
182	[{"image_id": "42", "caption": "a kitchen with a sink and a stove and a window"}]
183	[{"image_id": "42", "caption": "two people are cross country skiing in the snow"}]
184	[{"image_id": "42", "caption": "a man is standing on skis in the snow"}]
185	[{"image_id": "42", "caption": "a train is pulling into a train station"}]
186	[{"image_id": "42", "caption": "a person standing in the snow with a snowboard"}]
187	[{"image_id": "42", "caption": "a stop sign on the side of a road with a truck"}]
188	[{"image_id": "42", "caption": "a baseball player holding a bat on a field"}]
189	[{"image_id": "42", "caption": "a baseball player swinging a bat on a field"}]
190	[{"image_id": "42", "caption": "a man hitting a tennis ball on a tennis court"}]
191	[{"image_id": "42", "caption": "a baseball player holding a bat on a field"}]
192	[{"image_id": "42", "caption": "two men playing with a frisbee in a field"}]
193	[{"image_id": "42", "caption": "two women standing next to a brick wall with skateboards"}]
194	[{"image_id": "42", "caption": "a group of construction workers standing around a fire hydrant"}]
195	[{"image_id": "42", "caption": "a zebra standing next to another zebra laying on the ground"}]
196	[{"image_id": "42", "caption": "a person standing in the snow with a snowboard"}]
197	[{"image_id": "42", "caption": "a painting of a vase and fruit on a table"}]
198	[{"image_id": "42", "caption": "a train on a track over a parking lot"}]
199	[{"image_id": "42", "caption": "a woman in a black dress riding a skateboard"}]
200	[{"image_id": "42", "caption": "two men skateboarding on a ramp at a skate park"}]
201	[{"image_id": "42", "caption": "a train on a track over a parking lot"}]
202	[{"image_id": "42", "caption": "a group of motorcycles parked in front of a building"}]
203	[{"image_id": "42", "caption": "a woman is hanging from a traffic light pole"}]
204	[{"image_id": "42", "caption": "a group of elephants standing under a shelter"}]
205	[{"image_id": "42", "caption": "a plane flying low over the ocean with a person in the water"}]
206	[{"image_id": "42", "caption": "a man flying through the air on a snowboard"}]
207	[{"image_id": "42", "caption": "a cat sitting on a table next to a wheel"}]
208	[{"image_id": "42", "caption": "two elephants walking in a body of water"}]
209	[{"image_id": "42", "caption": "a man riding a bike down a dirt road"}]
210	[{"image_id": "42", "caption": "a bathroom with a toilet and a tub and a sink"}]
211	[{"image_id": "42", "caption": "a cat sitting on a table next to a wheel"}]
212	[{"image_id": "42", "caption": "two people are cross country skiing in the snow"}]
213	[{"image_id": "42", "caption": "a black and white cow grazing in a field"}]
214	[{"image_id": "42", "caption": "a plate of food with rice and vegetables on a tray"}]
215	[{"image_id": "42", "caption": "a kitchen with wooden cabinets and stainless steel appliances"}]
216	[{"image_id": "42", "caption": "a bathroom with a white sink and a toilet"}]
217	[{"image_id": "42", "caption": "a woman standing next to a horse looking at a car"}]
218	[{"image_id": "42", "caption": "a yellow fire hydrant spewing water onto a street"}]
219	[{"image_id": "42", "caption": "a group of young people playing a game of frisbee"}]
220	[{"image_id": "42", "caption": "a horse drawn carriage in front of a house"}]
221	[{"image_id": "42", "caption": "a window with vases sitting on a stone wall"}]
222	[{"image_id": "42", "caption": "a pizza in front of a fire oven"}]
223	[{"image_id": "42", "caption": "two zebras playing with each other in a field"}]
224	[{"image_id": "42", "caption": "a person is holding an umbrella and a chair"}]
225	[{"image_id": "42", "caption": "a military truck parked in a field next to a tree"}]
226	[{"image_id": "42", "caption": "a woman standing in the water holding a surfboard"}]
227	[{"image_id": "42", "caption": "a bunch of hot dogs cooking on a grill"}]
228	[{"image_id": "42", "caption": "a woman walking down a road with a do not enter sign"}]
229	[{"image_id": "42", "caption": "a group of girls playing a game of basketball on a court"}]
230	[{"image_id": "42", "caption": "a baseball player swinging a bat at a ball"}]
231	[{"image_id": "42", "caption": "a man riding a wave on a surfboard in the water"}]
232	[{"image_id": "42", "caption": "a boy doing a trick on a skateboard in front of a building"}]
233	[{"image_id": "42", "caption": "a bunch of surfboards on a rack on the beach"}]
234	[{"image_id": "42", "caption": "a group of construction workers standing around a fire hydrant"}]
235	[{"image_id": "42", "caption": "a plate with a variety of food on a table"}]
236	[{"image_id": "42", "caption": "a pizza in front of a fire oven"}]
237	[{"image_id": "42", "caption": "a man doing a trick on a skateboard in the air"}]
238	[{"image_id": "42", "caption": "a small robot is standing next to a toothbrush"}]
239	[{"image_id": "42", "caption": "a bunch of surfboards on a rack on the beach"}]
240	[{"image_id": "42", "caption": "a man riding a motorcycle down the street"}]
241	[{"image_id": "42", "caption": "a woman walking down a street with two sheep"}]
242	[{"image_id": "42", "caption": "a woman is standing on skis in the snow"}]
243	[{"image_id": "42", "caption": "a man is cross country skiing in the snow"}]
244	[{"image_id": "42", "caption": "a green vase filled with flowers on a table"}]
245	[{"image_id": "42", "caption": "a baseball player swinging a bat at a ball"}]
246	[{"image_id": "42", "caption": "a microwave and a stove in a kitchen"}]
247	[{"image_id": "42", "caption": "a woman walking down a street with a suitcase and a traffic light"}]
248	[{"image_id": "42", "caption": "a person sitting in the snow with a snowboard"}]
249	[{"image_id": "42", "caption": "a man is standing in a pile of snow"}]
250	[{"image_id": "42", "caption": "a man riding a wave on a surfboard in a river"}]
251	[{"image_id": "42", "caption": "a plate with a variety of food on a table"}]
252	[{"image_id": "42", "caption": "two people on skis on a snow covered mountain"}]
253	[{"image_id": "42", "caption": "a group of elephants standing under a shelter"}]
254	[{"image_id": "42", "caption": "a dog on a leash next to a backpack"}]
255	[{"image_id": "42", "caption": "a man doing a trick on a skateboard on a rail"}]
256	[{"image_id": "42", "caption": "a person is holding an umbrella and a chair"}]
257	[{"image_id": "42", "caption": "a woman in a kitchen putting something in the oven"}]
258	[{"image_id": "42", "caption": "a green vase filled with flowers on a table"}]
259	[{"image_id": "42", "caption": "two giraffes eating leaves from a tree in a field"}]
260	[{"image_id": "42", "caption": "a woman is standing on skis in the snow"}]
261	[{"image_id": "42", "caption": "a blue train on a bridge in a city"}]
262	[{"image_id": "42", "caption": "a train is pulling into a train station"}]
263	[{"image_id": "42", "caption": "two men jumping in the air to catch a frisbee"}]
264	[{"image_id": "42", "caption": "three cows walking down a street next to a fence"}]
265	[{"image_id": "42", "caption": "a man riding a bike down a dirt road"}]
266	[{"image_id": "42", "caption": "a dog on a leash next to a backpack"}]
267	[{"image_id": "42", "caption": "a red garage door with a cell phone painted on it"}]
268	[{"image_id": "42", "caption": "a man is cross country skiing in the snow"}]
269	[{"image_id": "42", "caption": "two young boys holding tennis rackets on a court"}]
270	[{"image_id": "42", "caption": "a baseball player throwing a ball on the mound"}]
271	[{"image_id": "42", "caption": "a bathroom with a tub and a sink and a toilet"}]
272	[{"image_id": "42", "caption": "a painting of a vase and fruit on a table"}]
273	[{"image_id": "42", "caption": "a skateboard next to a picture and a mirror"}]
274	[{"image_id": "42", "caption": "a train is pulling into a train station"}]
275	[{"image_id": "42", "caption": "a baseball player holding a bat at home plate"}]
276	[{"image_id": "42", "caption": "a man swinging a tennis racket on a tennis court"}]
277	[{"image_id": "42", "caption": "a man doing a trick on a skateboard on a bench"}]
278	[{"image_id": "42", "caption": "a group of ducks swimming in the water"}]
279	[{"image_id": "42", "caption": "a man riding a motorcycle down the street"}]
280	[{"image_id": "42", "caption": "a person is standing on a skateboard on a stool"}]
281	[{"image_id": "42", "caption": "two men playing with a soccer ball in a parking lot"}]
282	[{"image_id": "42", "caption": "a group of zebras grazing in a field with a rainbow"}]
283	[{"image_id": "42", "caption": "a train on the tracks in front of a building"}]
284	[{"image_id": "42", "caption": "a group of people playing frisbee in a field"}]
285	[{"image_id": "42", "caption": "a woman wearing headphones and holding a cell phone"}]
286	[{"image_id": "42", "caption": "a person is skiing down a snow covered slope"}]
287	[{"image_id": "42", "caption": "a row of tan umbrellas in front of a house"}]
288	[{"image_id": "42", "caption": "a man doing a trick on a skateboard in the air"}]
289	[{"image_id": "42", "caption": "two people are cross country skiing in the snow"}]
290	[{"image_id": "42", "caption": "a man in a horse drawn carriage on a street"}]
291	[{"image_id": "42", "caption": "a man riding a wave on a surfboard in the ocean"}]
292	[{"image_id": "42", "caption": "a young boy playing tennis on a tennis court"}]
293	[{"image_id": "42", "caption": "a man standing next to a tree with a giraffe"}]
294	[{"image_id": "42", "caption": "a man riding a wave on a surfboard in the ocean"}]
295	[{"image_id": "42", "caption": "a man standing next to a tree with a giraffe"}]
296	[{"image_id": "42", "caption": "a bathroom with a sink and a toilet and a mirror"}]
297	[{"image_id": "42", "caption": "a bathroom with a sink and a mirror"}]
298	[{"image_id": "42", "caption": "a group of people sitting on the beach under an umbrella"}]
299	[{"image_id": "42", "caption": "a man riding a wave on a surfboard in the ocean"}]
300	[{"image_id": "42", "caption": "a group of white vases with flowers on a table"}]
301	[{"image_id": "42", "caption": "two elephants walking in a body of water"}]
302	[{"image_id": "42", "caption": "a white bathroom with a toilet and a sink"}]
303	[{"image_id": "42", "caption": "a group of ducks swimming in the water"}]
304	[{"image_id": "42", "caption": "a young boy playing tennis on a tennis court"}]
305	[{"image_id": "42", "caption": "a plate of carrots and other vegetables on a table"}]
306	[{"image_id": "42", "caption": "a man is standing in a pile of snow"}]
307	[{"image_id": "42", "caption": "a black and white cow standing in a field"}]
308	[{"image_id": "42", "caption": "a cat sitting on a table next to a wheel"}]
309	[{"image_id": "42", "caption": "a woman is looking at a bird flying in the sky"}]
310	[{"image_id": "42", "caption": "two sheep standing on top of a hill"}]
311	[{"image_id": "42", "caption": "a woman walking in front of a building with graffiti"}]
312	[{"image_id": "42", "caption": "people waiting for their luggage at an airport"}]
313	[{"image_id": "42", "caption": "a woman brushing her teeth in front of a bathroom mirror"}]
314	[{"image_id": "42", "caption": "a zebra standing next to another zebra laying on the ground"}]
315	[{"image_id": "42", "caption": "a blue train on a bridge in a city"}]
316	[{"image_id": "42", "caption": "a living room with a tv on top of a fireplace"}]
317	[{"image_id": "42", "caption": "a man riding skis on top of a snow covered mountain"}]
318	[{"image_id": "42", "caption": "a woman walking in the rain with a pink umbrella"}]
319	[{"image_id": "42", "caption": "a person riding a skateboard on a ramp at a skate park"}]
320	[{"image_id": "42", "caption": "a skateboard next to a picture and a mirror"}]
321	[{"image_id": "42", "caption": "a man doing a trick on a skateboard on a bench"}]
322	[{"image_id": "42", "caption": "two men skateboarding on a ramp at a skate park"}]
323	[{"image_id": "42", "caption": "a man doing a trick on a skateboard in the air"}]
324	[{"image_id": "42", "caption": "a parking meter on a city street at night"}]
325	[{"image_id": "42", "caption": "a young man playing with a frisbee on the beach"}]
326	[{"image_id": "42", "caption": "a train on the tracks in front of a building"}]
327	[{"image_id": "42", "caption": "a bathroom with a white sink and a toilet"}]
328	[{"image_id": "42", "caption": "a display case of donuts and pastries in a bakery"}]
329	[{"image_id": "42", "caption": "two zebras standing in a field of grass"}]
330	[{"image_id": "42", "caption": "a man riding a wave on a surfboard in the water"}]
331	[{"image_id": "42", "caption": "a bathroom with a toilet and a tub and a sink"}]
332	[{"image_id": "42", "caption": "two giraffes walking in the brush in a field"}]
333	[{"image_id": "42", "caption": "three cows walking down a street next to a fence"}]
334	[{"image_id": "42", "caption": "a plate of food with rice and vegetables on a tray"}]
335	[{"image_id": "42", "caption": "a blue train on a bridge in a city"}]
336	[{"image_id": "42", "caption": "two men jumping in the air to catch a frisbee"}]
337	[{"image_id": "42", "caption": "a red garage door with a cell phone painted on it"}]
338	[{"image_id": "42", "caption": "a train on a track over a parking lot"}]
339	[{"image_id": "42", "caption": "a white bathroom with a toilet and a sink"}]
340	[{"image_id": "42", "caption": "a bathroom with a sink and a large mirror"}]
341	[{"image_id": "42", "caption": "a white bathroom with a toilet and a sink"}]
342	[{"image_id": "42", "caption": "a group of children standing on a small boat in the water"}]
343	[{"image_id": "42", "caption": "a person is on skis in the snow"}]
344	[{"image_id": "42", "caption": "a military truck parked in a field next to a tree"}]
345	[{"image_id": "42", "caption": "a group of boats docked on the water under a bridge"}]
346	[{"image_id": "42", "caption": "a group of boats docked on the water under a bridge"}]
347	[{"image_id": "42", "caption": "a bathroom with a sink and a large mirror"}]
348	[{"image_id": "42", "caption": "a banana tree with a bunch of bananas on it"}]
349	[{"image_id": "42", "caption": "two elephants standing next to each other in a cage"}]
350	[{"image_id": "42", "caption": "a truck with a kite in the back of it"}]
351	[{"image_id": "42", "caption": "a man doing a trick on a skateboard on a rail"}]
352	[{"image_id": "42", "caption": "an image of a man skiing down a mountain"}]
353	[{"image_id": "42", "caption": "a woman brushing her teeth in front of a bathroom mirror"}]
354	[{"image_id": "42", "caption": "a man riding a wave on a surfboard in the ocean"}]
355	[{"image_id": "42", "caption": "a man is standing on skis in the snow"}]
356	[{"image_id": "42", "caption": "a bird sitting on a park bench in the rain"}]
357	[{"image_id": "42", "caption": "a man riding a wave on a surfboard in the water"}]
358	[{"image_id": "42", "caption": "a wooden table with a chair and flowers on it"}]
359	[{"image_id": "42", "caption": "a young boy riding a skateboard on a ramp"}]
360	[{"image_id": "42", "caption": "two dogs running on the beach near the ocean"}]
361	[{"image_id": "42", "caption": "a street with a brick wall next to a building"}]
362	[{"image_id": "42", "caption": "a boy doing a trick on a skateboard in front of a building"}]
363	[{"image_id": "42", "caption": "a man water skiing on a board in the water"}]
364	[{"image_id": "42", "caption": "a man riding a horse jumping over a hurdle"}]
365	[{"image_id": "42", "caption": "a traffic light with two red and green lights"}]
366	[{"image_id": "42", "caption": "a man riding a wave on a surfboard in the ocean"}]
367	[{"image_id": "42", "caption": "a man is standing on skis in the snow"}]
368	[{"image_id": "42", "caption": "a man standing next to a tree with a giraffe"}]
369	[{"image_id": "42", "caption": "two dogs running on the beach near the ocean"}]
370	[{"image_id": "42", "caption": "a group of children standing on a small boat in the water"}]
371	[{"image_id": "42", "caption": "a group of cows laying down in a barn"}]
372	[{"image_id": "42", "caption": "two people are cross country skiing in the snow"}]
373	[{"image_id": "42", "caption": "a display case of donuts and pastries in a bakery"}]
374	[{"image_id": "42", "caption": "a kitchen with wooden cabinets and stainless steel appliances"}]
375	[{"image_id": "42", "caption": "a boat on the water next to a hill with trees"}]
376	[{"image_id": "42", "caption": "a cat sitting on a table next to a wheel"}]
377	[{"image_id": "42", "caption": "a woman walking in front of a building with graffiti"}]
378	[{"image_id": "42", "caption": "a group of people playing frisbee in a field"}]
379	[{"image_id": "42", "caption": "a living room with a tv on top of a fireplace"}]
380	[{"image_id": "42", "caption": "a green vase filled with flowers on a table"}]
381	[{"image_id": "42", "caption": "a window with vases sitting on a stone wall"}]
382	[{"image_id": "42", "caption": "a person doing a trick on a snowboard in the snow"}]
383	[{"image_id": "42", "caption": "a computer monitor and a keyboard and mouse on a desk"}]
384	[{"image_id": "42", "caption": "a banana tree with a bunch of bananas on it"}]
385	[{"image_id": "42", "caption": "a banana tree with a bunch of bananas on it"}]
386	[{"image_id": "42", "caption": "a man is cross country skiing in the snow"}]
387	[{"image_id": "42", "caption": "two sheep sitting in a grassy field"}]
388	[{"image_id": "42", "caption": "a man sitting on the front of a boat in the water"}]
389	[{"image_id": "42", "caption": "a man flying through the air on a snowboard"}]
390	[{"image_id": "42", "caption": "a drawer full of apples and other fruits and vegetables"}]
391	[{"image_id": "42", "caption": "two people on skis posing for a picture in the snow"}]
392	[{"image_id": "42", "caption": "a bathroom with a toilet and a sink"}]
393	[{"image_id": "42", "caption": "a white plate with a dessert with ice cream and a strawberry"}]
394	[{"image_id": "42", "caption": "a woman is standing on skis in the snow"}]
395	[{"image_id": "42", "caption": "two men jumping in the air to catch a frisbee"}]
396	[{"image_id": "42", "caption": "a green vase filled with flowers on a table"}]
397	[{"image_id": "42", "caption": "a microwave in a kitchen with wooden cabinets"}]
398	[{"image_id": "42", "caption": "a red dump truck driving down a dirt road"}]
399	[{"image_id": "42", "caption": "a man swinging a tennis racket on a tennis court"}]
400	[{"image_id": "42", "caption": "a microwave and a stove in a kitchen"}]
401	[{"image_id": "42", "caption": "a young boy riding a skateboard on a ramp"}]
402	[{"image_id": "42", "caption": "a bag of luggage sitting on a sidewalk next to a building"}]
403	[{"image_id": "42", "caption": "a woman taking a picture of herself in a mirror"}]
404	[{"image_id": "42", "caption": "a plate of carrots and other vegetables on a table"}]
405	[{"image_id": "42", "caption": "a park bench sitting next to a bush at night"}]
406	[{"image_id": "42", "caption": "a group of white vases with flowers on a table"}]
407	[{"image_id": "42", "caption": "a person doing a trick on a snowboard in the snow"}]
408	[{"image_id": "42", "caption": "a woman brushing her teeth in front of a bathroom mirror"}]
409	[{"image_id": "42", "caption": "a person sitting in the snow with a snowboard"}]
410	[{"image_id": "42", "caption": "a person looking at a plane on an airport runway"}]
411	[{"image_id": "42", "caption": "an empty kitchen with wooden cabinets and a sink"}]
412	[{"image_id": "42", "caption": "two men playing with a frisbee in a field"}]
413	[{"image_id": "42", "caption": "a baseball player swinging a bat on a field"}]
414	[{"image_id": "42", "caption": "a man riding a wave on a surfboard in the ocean"}]
415	[{"image_id": "42", "caption": "a man doing a trick on a skateboard on a rail"}]
416	[{"image_id": "42", "caption": "a white plate with a dessert with ice cream and a strawberry"}]
417	[{"image_id": "42", "caption": "a woman walking down a road with a do not enter sign"}]
418	[{"image_id": "42", "caption": "a group of zebras standing in the sand"}]
419	[{"image_id": "42", "caption": "a dog catching a blue frisbee in its mouth"}]
420	[{"image_id": "42", "caption": "a man doing a trick on a skateboard on a rail"}]
421	[{"image_id": "42", "caption": "a man water skiing on a board in the water"}]
422	[{"image_id": "42", "caption": "people waiting for their luggage at an airport"}]
423	[{"image_id": "42", "caption": "a man in a horse drawn carriage on a street"}]
424	[{"image_id": "42", "caption": "a stop sign on the side of a road with a truck"}]
425	[{"image_id": "42", "caption": "a train on a track over a parking lot"}]
426	[{"image_id": "42", "caption": "a woman standing in the water holding a surfboard"}]
427	[{"image_id": "42", "caption": "a woman is hanging from a traffic light pole"}]
428	[{"image_id": "42", "caption": "a bathroom with a toilet and a tub and a sink"}]
429	[{"image_id": "42", "caption": "a bathroom with a toilet and a sink"}]
430	[{"image_id": "42", "caption": "a stop sign on the side of a road with a truck"}]
431	[{"image_id": "42", "caption": "a man riding a motorcycle down the street"}]
432	[{"image_id": "42", "caption": "a bathroom with a tub and a sink and a toilet"}]
433	[{"image_id": "42", "caption": "a man serving a tennis ball on a tennis court"}]
434	[{"image_id": "42", "caption": "a man doing a trick on a skateboard in the air"}]
435	[{"image_id": "42", "caption": "a bag of luggage sitting on a sidewalk next to a building"}]
436	[{"image_id": "42", "caption": "a room with a desk with a television and a bed"}]
437	[{"image_id": "42", "caption": "a man doing a trick on a skateboard on a box"}]
438	[{"image_id": "42", "caption": "a man standing on a tennis court holding a racket"}]
439	[{"image_id": "42", "caption": "a group of white vases with flowers on a table"}]
440	[{"image_id": "42", "caption": "a skateboard next to a picture and a mirror"}]
441	[{"image_id": "42", "caption": "a stop sign on the side of a road with a truck"}]
442	[{"image_id": "42", "caption": "a man serving a tennis ball on a tennis court"}]
443	[{"image_id": "42", "caption": "a man doing a trick on a skateboard in the air"}]
444	[{"image_id": "42", "caption": "a dog on a leash next to a backpack"}]
445	[{"image_id": "42", "caption": "a woman walking down a street with two sheep"}]
446	[{"image_id": "42", "caption": "a baseball player throwing a ball on the mound"}]
447	[{"image_id": "42", "caption": "two horses grazing in a field of green grass"}]
448	[{"image_id": "42", "caption": "a car is parked next to a street sign"}]
449	[{"image_id": "42", "caption": "a man riding a motorcycle on a dirt road"}]
450	[{"image_id": "42", "caption": "two giraffes walking in the brush in a field"}]
451	[{"image_id": "42", "caption": "a street with a brick wall next to a building"}]
452	[{"image_id": "42", "caption": "people waiting for their luggage at an airport"}]
453	[{"image_id": "42", "caption": "a pink bathroom with a toilet and a sink"}]
454	[{"image_id": "42", "caption": "a man and a woman standing on a picnic table under an umbrella"}]
455	[{"image_id": "42", "caption": "a man riding a wave on a surfboard in a river"}]
456	[{"image_id": "42", "caption": "a woman talking on a cell phone next to a brick building"}]
457	[{"image_id": "42", "caption": "a dog catching a blue frisbee in its mouth"}]
458	[{"image_id": "42", "caption": "a kitchen with wooden cabinets and stainless steel appliances"}]
459	[{"image_id": "42", "caption": "a group of bottles of wine sitting next to a plant"}]
460	[{"image_id": "42", "caption": "a bag of luggage sitting on a sidewalk next to a building"}]
461	[{"image_id": "42", "caption": "a man riding a wave on a surfboard in the ocean"}]
462	[{"image_id": "42", "caption": "a woman walking in front of a building with graffiti"}]
463	[{"image_id": "42", "caption": "a park bench sitting next to a bush at night"}]
464	[{"image_id": "42", "caption": "a computer monitor and a keyboard and mouse on a desk"}]
465	[{"image_id": "42", "caption": "a green street sign on the side of a road"}]
466	[{"image_id": "42", "caption": "a group of cows in a field with palm trees"}]
467	[{"image_id": "42", "caption": "a man and a woman standing on a picnic table under an umbrella"}]
468	[{"image_id": "42", "caption": "three giraffes standing in a field under a tree"}]
469	[{"image_id": "42", "caption": "a parking meter on a city street at night"}]
470	[{"image_id": "42", "caption": "two blue and white airplanes parked in front of an airport"}]
471	[{"image_id": "42", "caption": "two zebras playing with each other in a field"}]
472	[{"image_id": "42", "caption": "a box filled with lots of different types of donuts"}]
473	[{"image_id": "42", "caption": "two elephants standing next to each other in a cage"}]
474	[{"image_id": "42", "caption": "a cat sitting on a table next to a wheel"}]
475	[{"image_id": "42", "caption": "a man and a boy playing with a frisbee"}]
476	[{"image_id": "42", "caption": "a window with vases sitting on a stone wall"}]
477	[{"image_id": "42", "caption": "a boat on the water next to a hill with trees"}]
478	[{"image_id": "42", "caption": "a woman walking in front of a building with graffiti"}]
479	[{"image_id": "42", "caption": "a plane flying low over the ocean with a person in the water"}]
480	[{"image_id": "42", "caption": "a woman walking down a street with a suitcase and a traffic light"}]
481	[{"image_id": "42", "caption": "a man standing on a tennis court holding a racket"}]
482	[{"image_id": "42", "caption": "a man water skiing on a board in the water"}]
483	[{"image_id": "42", "caption": "a dog sitting on a bed looking at a pink wall"}]
484	[{"image_id": "42", "caption": "a red dump truck driving down a dirt road"}]
485	[{"image_id": "42", "caption": "a man flying through the air while riding a snowboard"}]
486	[{"image_id": "42", "caption": "a woman walking down a street with a suitcase and a traffic light"}]
487	[{"image_id": "42", "caption": "a woman in a black dress riding a skateboard"}]
488	[{"image_id": "42", "caption": "a bathroom with a sink and a toilet and a mirror"}]
489	[{"image_id": "42", "caption": "a pizza in front of a fire oven"}]
490	[{"image_id": "42", "caption": "a small robot is standing next to a toothbrush"}]
491	[{"image_id": "42", "caption": "a man is standing on skis in the snow"}]
492	[{"image_id": "42", "caption": "a kitchen with wooden cabinets and a sink"}]
493	[{"image_id": "42", "caption": "a woman taking a picture of herself in a mirror"}]
494	[{"image_id": "42", "caption": "a group of construction workers standing around a fire hydrant"}]
495	[{"image_id": "42", "caption": "a bathroom with a toilet and a tub and a sink"}]
496	[{"image_id": "42", "caption": "two men playing with a soccer ball in a parking lot"}]
497	[{"image_id": "42", "caption": "a group of young people playing a game of frisbee"}]
498	[{"image_id": "42", "caption": "two women standing next to a brick wall with skateboards"}]
499	[{"image_id": "42", "caption": "a group of blue and yellow umbrellas in front of a building"}]
500	[{"image_id": "42", "caption": "a pizza in front of a fire oven"}]
501	[{"image_id": "42", "caption": "a person is on skis in the snow"}]
502	[{"image_id": "42", "caption": "two young boys holding tennis rackets on a court"}]
503	[{"image_id": "42", "caption": "a group of motorcycles parked in front of a building"}]
504	[{"image_id": "42", "caption": "a bag of luggage sitting on a sidewalk next to a building"}]
505	[{"image_id": "42", "caption": "a display of dishes and sinks on a shelf in a museum"}]
506	[{"image_id": "42", "caption": "a man riding a wave on a surfboard in the ocean"}]
507	[{"image_id": "42", "caption": "a group of people sitting on the shore of a body of water"}]
508	[{"image_id": "42", "caption": "a woman is hanging from a traffic light pole"}]
509	[{"image_id": "42", "caption": "a bunch of surfboards on a rack on the beach"}]
510	[{"image_id": "42", "caption": "a woman in a black dress riding a skateboard"}]
511	[{"image_id": "42", "caption": "a group of motorcycles parked in front of a building"}]
512	[{"image_id": "42", "caption": "a man doing a trick on a skateboard in the air"}]
513	[{"image_id": "42", "caption": "a display of dishes and sinks on a shelf in a museum"}]
514	[{"image_id": "42", "caption": "a woman walking down a road with a do not enter sign"}]
515	[{"image_id": "42", "caption": "a man riding a horse in a field"}]
516	[{"image_id": "42", "caption": "a dog laying on the floor in a living room with a fireplace"}]
517	[{"image_id": "42", "caption": "a park bench sitting next to a bush at night"}]
518	[{"image_id": "42", "caption": "a group of blue and yellow umbrellas in front of a building"}]
519	[{"image_id": "42", "caption": "a black and white cow grazing in a field"}]
520	[{"image_id": "42", "caption": "a person looking at a plane on an airport runway"}]
521	[{"image_id": "42", "caption": "a man riding on the back of an elephant"}]
522	[{"image_id": "42", "caption": "a bunch of hot dogs cooking on a grill"}]
523	[{"image_id": "42", "caption": "two men standing in a living room playing a video game"}]
524	[{"image_id": "42", "caption": "a woman stirring a pan of food in a kitchen"}]
525	[{"image_id": "42", "caption": "a group of sheep laying in some hay"}]
526	[{"image_id": "42", "caption": "a red garage door with a cell phone painted on it"}]
527	[{"image_id": "42", "caption": "a skateboard next to a picture and a mirror"}]
528	[{"image_id": "42", "caption": "a row of signs on the side of a fence"}]
529	[{"image_id": "42", "caption": "a group of people sitting on the shore of a body of water"}]
530	[{"image_id": "42", "caption": "a man doing a trick on a skateboard on a bench"}]
531	[{"image_id": "42", "caption": "a stop sign on the side of a road with a truck"}]
532	[{"image_id": "42", "caption": "a bathroom with a sink and a large mirror"}]
533	[{"image_id": "42", "caption": "a park with benches and a greenhouse with flowers"}]
534	[{"image_id": "42", "caption": "three giraffes standing in a field under a tree"}]
535	[{"image_id": "42", "caption": "a woman talking on a cell phone next to a brick building"}]
536	[{"image_id": "42", "caption": "a young boy playing tennis on a tennis court"}]
537	[{"image_id": "42", "caption": "a black and white cow standing in a field"}]
538	[{"image_id": "42", "caption": "a person doing a trick on a snowboard in the snow"}]
539	[{"image_id": "42", "caption": "a person is on skis in the snow"}]
540	[{"image_id": "42", "caption": "a woman taking a picture of herself in a mirror"}]
541	[{"image_id": "42", "caption": "a bag of luggage sitting on a sidewalk next to a building"}]
542	[{"image_id": "42", "caption": "a green vase filled with flowers on a table"}]
543	[{"image_id": "42", "caption": "a red garage door with a cell phone painted on it"}]
544	[{"image_id": "42", "caption": "a woman is hanging from a traffic light pole"}]
545	[{"image_id": "42", "caption": "a woman standing in the water holding a surfboard"}]
546	[{"image_id": "42", "caption": "a zebra standing next to another zebra laying on the ground"}]
547	[{"image_id": "42", "caption": "a car is parked next to a street sign"}]
548	[{"image_id": "42", "caption": "two dogs running on the beach near the ocean"}]
549	[{"image_id": "42", "caption": "a bathroom with a sink and a toilet and a mirror"}]
550	[{"image_id": "42", "caption": "a baseball player throwing a ball on a field"}]
551	[{"image_id": "42", "caption": "a baseball player holding a bat on a field"}]
552	[{"image_id": "42", "caption": "a baseball player swinging a bat at a game"}]
553	[{"image_id": "42", "caption": "a woman walking in the rain with a pink umbrella"}]
554	[{"image_id": "42", "caption": "a woman walking down a road with a do not enter sign"}]
555	[{"image_id": "42", "caption": "a black and white vase with a bird in it"}]
556	[{"image_id": "42", "caption": "two sheep sitting in a grassy field"}]
557	[{"image_id": "42", "caption": "a motherboard and a remote control sitting on a map"}]
558	[{"image_id": "42", "caption": "a group of people sitting on the shore of a body of water"}]
559	[{"image_id": "42", "caption": "a bathroom with a sink and a mirror"}]
560	[{"image_id": "42", "caption": "a dog running with a frisbee in its mouth"}]
561	[{"image_id": "42", "caption": "a man walking in the rain with an umbrella"}]
562	[{"image_id": "42", "caption": "a woman sitting on a surfboard in the ocean"}]
563	[{"image_id": "42", "caption": "a black and white cow standing in a field"}]
564	[{"image_id": "42", "caption": "a man and a woman flying a kite on the beach"}]
565	[{"image_id": "42", "caption": "a man throwing a frisbee in a park"}]
566	[{"image_id": "42", "caption": "a man is standing on skis in the snow"}]
567	[{"image_id": "42", "caption": "a baseball player running to a base on a field"}]
568	[{"image_id": "42", "caption": "a woman wearing headphones and holding a cell phone"}]
569	[{"image_id": "42", "caption": "a man riding skis on top of a snow covered mountain"}]
570	[{"image_id": "42", "caption": "a person is on skis in the snow"}]
571	[{"image_id": "42", "caption": "a group of people sitting on the beach under an umbrella"}]
572	[{"image_id": "42", "caption": "two people on skis on a snow covered mountain"}]
573	[{"image_id": "42", "caption": "a painting of a vase and fruit on a table"}]
574	[{"image_id": "42", "caption": "a kitchen with a sink and a stove and a window"}]
575	[{"image_id": "42", "caption": "a box filled with lots of different types of donuts"}]
576	[{"image_id": "42", "caption": "a man riding a wave on a surfboard in a river"}]
577	[{"image_id": "42", "caption": "a woman talking on a cell phone next to a brick building"}]
578	[{"image_id": "42", "caption": "a group of construction workers standing around a fire hydrant"}]
579	[{"image_id": "42", "caption": "a green bus is parked in a parking lot"}]
580	[{"image_id": "42", "caption": "a park with benches and a greenhouse with flowers"}]
581	[{"image_id": "42", "caption": "a bunch of surfboards on a rack on the beach"}]
582	[{"image_id": "42", "caption": "a group of construction workers standing around a fire hydrant"}]
583	[{"image_id": "42", "caption": "two giraffes walking in the brush in a field"}]
584	[{"image_id": "42", "caption": "a man is cross country skiing in the snow"}]
585	[{"image_id": "42", "caption": "a dog on a leash next to a backpack"}]
586	[{"image_id": "42", "caption": "a plate with a variety of food on a table"}]
587	[{"image_id": "42", "caption": "a woman in a kitchen putting something in the oven"}]
588	[{"image_id": "42", "caption": "two dogs running on the beach near the ocean"}]
589	[{"image_id": "42", "caption": "a man is cross country skiing in the snow"}]
590	[{"image_id": "42", "caption": "a boat on the water next to a hill with trees"}]
591	[{"image_id": "42", "caption": "a truck with a kite in the back of it"}]
592	[{"image_id": "42", "caption": "a man walking in the rain with an umbrella"}]
593	[{"image_id": "42", "caption": "a yellow fire hydrant spewing water onto a street"}]
594	[{"image_id": "42", "caption": "two people on skis on a snow covered mountain"}]
595	[{"image_id": "42", "caption": "a bathroom with a sink and a toilet and a mirror"}]
596	[{"image_id": "42", "caption": "a display case of donuts and pastries in a bakery"}]
597	[{"image_id": "42", "caption": "a dog on a leash next to a backpack"}]
598	[{"image_id": "42", "caption": "an empty kitchen with wooden cabinets and a sink"}]
599	[{"image_id": "42", "caption": "a white plate with a dessert with ice cream and a strawberry"}]
600	[{"image_id": "42", "caption": "a man riding a motorcycle down the street"}]
601	[{"image_id": "42", "caption": "a man hitting a tennis ball on a tennis court"}]
602	[{"image_id": "42", "caption": "a man standing on top of a snow covered mountain"}]
603	[{"image_id": "42", "caption": "a woman walking in the rain with a pink umbrella"}]
604	[{"image_id": "42", "caption": "a plate of carrots and other vegetables on a table"}]
605	[{"image_id": "42", "caption": "a dog catching a blue frisbee in its mouth"}]
606	[{"image_id": "42", "caption": "a person is holding an umbrella and a chair"}]
607	[{"image_id": "42", "caption": "a man throwing a frisbee in a park"}]
608	[{"image_id": "42", "caption": "a woman standing in the water holding a surfboard"}]
609	[{"image_id": "42", "caption": "a microwave in a kitchen with wooden cabinets"}]
610	[{"image_id": "42", "caption": "a woman talking on a cell phone next to a brick building"}]
611	[{"image_id": "42", "caption": "a group of cows in a field with palm trees"}]
612	[{"image_id": "42", "caption": "a man riding a wave on a surfboard in the ocean"}]
613	[{"image_id": "42", "caption": "a red double decker bus driving down a street"}]
614	[{"image_id": "42", "caption": "two blue and white airplanes parked in front of an airport"}]
615	[{"image_id": "42", "caption": "a black and white cow standing in a field"}]
616	[{"image_id": "42", "caption": "three cows walking down a street next to a fence"}]
617	[{"image_id": "42", "caption": "a military truck parked in a field next to a tree"}]
618	[{"image_id": "42", "caption": "a group of elephants standing under a shelter"}]
619	[{"image_id": "42", "caption": "a person doing a trick on a snowboard in the snow"}]
620	[{"image_id": "42", "caption": "a skateboard next to a picture and a mirror"}]
621	[{"image_id": "42", "caption": "a group of people sitting on the beach under an umbrella"}]
622	[{"image_id": "42", "caption": "a black and white cow standing in a field"}]
623	[{"image_id": "42", "caption": "two ducks swimming on a body of water"}]
624	[{"image_id": "42", "caption": "two men standing in a living room playing a video game"}]
625	[{"image_id": "42", "caption": "a man standing on a tennis court holding a racket"}]
626	[{"image_id": "42", "caption": "two zebras standing in a field of grass"}]
627	[{"image_id": "42", "caption": "a green bus is parked in a parking lot"}]
628	[{"image_id": "42", "caption": "a bathroom with a sink and a toilet"}]
629	[{"image_id": "42", "caption": "two airplanes are parked at an airport"}]
630	[{"image_id": "42", "caption": "two zebras playing with each other in a field"}]
631	[{"image_id": "42", "caption": "a man standing on top of a snow covered mountain"}]
632	[{"image_id": "42", "caption": "a group of zebras grazing in a field with a rainbow"}]
633	[{"image_id": "42", "caption": "a bathroom with a white sink and a toilet"}]
634	[{"image_id": "42", "caption": "a computer monitor and a keyboard and mouse on a desk"}]
635	[{"image_id": "42", "caption": "a train is pulling into a train station"}]
636	[{"image_id": "42", "caption": "a man riding a motorcycle on a dirt road"}]
637	[{"image_id": "42", "caption": "a man riding a horse in a field"}]
638	[{"image_id": "42", "caption": "a man throwing a frisbee in a park"}]
639	[{"image_id": "42", "caption": "a room with a desk with a television and a bed"}]
640	[{"image_id": "42", "caption": "two elephants standing next to each other in a cage"}]
641	[{"image_id": "42", "caption": "a kitchen with wooden cabinets and a sink"}]
642	[{"image_id": "42", "caption": "two ducks swimming on a body of water"}]
643	[{"image_id": "42", "caption": "a pizza in front of a fire oven"}]
644	[{"image_id": "42", "caption": "a man riding a wave on a surfboard in the ocean"}]
645	[{"image_id": "42", "caption": "an image of a man skiing down a mountain"}]
646	[{"image_id": "42", "caption": "a woman is hanging from a traffic light pole"}]
647	[{"image_id": "42", "caption": "a person is standing on a skateboard on a stool"}]
648	[{"image_id": "42", "caption": "a baseball player throwing a ball on the mound"}]
649	[{"image_id": "42", "caption": "a man walking in the rain with an umbrella"}]
650	[{"image_id": "42", "caption": "a baseball player holding a bat at home plate"}]
651	[{"image_id": "42", "caption": "two elephants walking in a body of water"}]
652	[{"image_id": "42", "caption": "two men standing in a living room playing a video game"}]
653	[{"image_id": "42", "caption": "a herd of elephants walking in a field"}]
654	[{"image_id": "42", "caption": "a small robot is standing next to a toothbrush"}]
655	[{"image_id": "42", "caption": "a baseball player throwing a ball on a field"}]
656	[{"image_id": "42", "caption": "a baseball player throwing a ball on the mound"}]
657	[{"image_id": "42", "caption": "a room with white curtains and a suitcase"}]
658	[{"image_id": "42", "caption": "two women standing next to a brick wall with skateboards"}]
659	[{"image_id": "42", "caption": "a street with a brick wall next to a building"}]
660	[{"image_id": "42", "caption": "a man sitting at a desk with a laptop computer"}]
661	[{"image_id": "42", "caption": "a man riding a wave on a surfboard in the water"}]
662	[{"image_id": "42", "caption": "a man swinging a tennis racket on a tennis court"}]
663	[{"image_id": "42", "caption": "a man standing on a tennis court holding a racket"}]
664	[{"image_id": "42", "caption": "three cows walking down a street next to a fence"}]
665	[{"image_id": "42", "caption": "a car is parked next to a street sign"}]
666	[{"image_id": "42", "caption": "a person doing a trick on a snowboard in the snow"}]
667	[{"image_id": "42", "caption": "a man doing a trick on a skateboard in the air"}]
668	[{"image_id": "42", "caption": "a man water skiing on a board in the water"}]
669	[{"image_id": "42", "caption": "two giraffes eating leaves from a tree in a field"}]
670	[{"image_id": "42", "caption": "a microwave in a kitchen with wooden cabinets"}]
671	[{"image_id": "42", "caption": "two horses grazing in a field of green grass"}]
672	[{"image_id": "42", "caption": "a group of people sitting on the shore of a body of water"}]
673	[{"image_id": "42", "caption": "a green bus is parked in a parking lot"}]
674	[{"image_id": "42", "caption": "a woman is looking at a bird flying in the sky"}]
675	[{"image_id": "42", "caption": "a green street sign on the side of a road"}]
676	[{"image_id": "42", "caption": "a man flying through the air on a snowboard"}]
677	[{"image_id": "42", "caption": "a living room with a tv on top of a fireplace"}]
678	[{"image_id": "42", "caption": "a traffic light with two red and green lights"}]
679	[{"image_id": "42", "caption": "a woman walking down a street with two sheep"}]
680	[{"image_id": "42", "caption": "a group of zebras and a giraffe in a field"}]
681	[{"image_id": "42", "caption": "a man riding a wave on a surfboard in a river"}]
682	[{"image_id": "42", "caption": "a woman taking a picture of herself in a mirror"}]
683	[{"image_id": "42", "caption": "a group of cows in a field with palm trees"}]
684	[{"image_id": "42", "caption": "a military truck parked in a field next to a tree"}]
685	[{"image_id": "42", "caption": "a man standing on top of a snow covered mountain"}]
686	[{"image_id": "42", "caption": "a plate of food with a stir fry with broccoli"}]
687	[{"image_id": "42", "caption": "a man swinging a tennis racket on a tennis court"}]
688	[{"image_id": "42", "caption": "a man in a horse drawn carriage on a street"}]
689	[{"image_id": "42", "caption": "a baseball player swinging a bat on a field"}]
690	[{"image_id": "42", "caption": "a row of signs on the side of a fence"}]
691	[{"image_id": "42", "caption": "a man riding a horse in a field"}]
692	[{"image_id": "42", "caption": "a baseball player swinging a bat at a ball"}]
693	[{"image_id": "42", "caption": "a group of elephants standing under a shelter"}]
694	[{"image_id": "42", "caption": "a bathroom with a toilet and a sink"}]
695	[{"image_id": "42", "caption": "a living room with a tv on top of a fireplace"}]
696	[{"image_id": "42", "caption": "a man is standing on skis in the snow"}]
697	[{"image_id": "42", "caption": "a painting of a vase and fruit on a table"}]
698	[{"image_id": "42", "caption": "a woman sitting on a surfboard in the ocean"}]
699	[{"image_id": "42", "caption": "a man is standing in a pile of snow"}]
700	[{"image_id": "42", "caption": "two elephants walking in a body of water"}]
701	[{"image_id": "42", "caption": "a man is standing on skis in the snow"}]
702	[{"image_id": "42", "caption": "a man riding a wave on a surfboard in the ocean"}]
703	[{"image_id": "42", "caption": "a bathroom with a sink and a toilet and a mirror"}]
704	[{"image_id": "42", "caption": "a man riding a wave on a surfboard in the ocean"}]
705	[{"image_id": "42", "caption": "a street with a brick wall next to a building"}]
706	[{"image_id": "42", "caption": "two sheep standing on top of a hill"}]
707	[{"image_id": "42", "caption": "a woman walking in front of a building with graffiti"}]
708	[{"image_id": "42", "caption": "a red double decker bus driving down a street"}]
709	[{"image_id": "42", "caption": "a bathroom with a sink and a toilet"}]
710	[{"image_id": "42", "caption": "a bathroom with a toilet and a tub and a sink"}]
711	[{"image_id": "42", "caption": "a man sitting on the front of a boat in the water"}]
712	[{"image_id": "42", "caption": "two men standing in a living room playing a video game"}]
713	[{"image_id": "42", "caption": "a man doing a trick on a skateboard on a rail"}]
714	[{"image_id": "42", "caption": "a man standing on top of a snow covered mountain"}]
715	[{"image_id": "42", "caption": "a person sitting in the snow with a snowboard"}]
716	[{"image_id": "42", "caption": "a car is parked next to a street sign"}]
717	[{"image_id": "42", "caption": "a bathroom with a toilet and a tub and a sink"}]
718	[{"image_id": "42", "caption": "a man flying through the air on a snowboard"}]
719	[{"image_id": "42", "caption": "a group of zebras and a giraffe in a field"}]
720	[{"image_id": "42", "caption": "a woman stirring a pan of food in a kitchen"}]
721	[{"image_id": "42", "caption": "a man riding a wave on a surfboard in the ocean"}]
722	[{"image_id": "42", "caption": "a row of signs on the side of a fence"}]
723	[{"image_id": "42", "caption": "an image of a man skiing down a mountain"}]
724	[{"image_id": "42", "caption": "a white plate with a dessert with ice cream and a strawberry"}]
725	[{"image_id": "42", "caption": "a woman walking in the rain with a pink umbrella"}]
726	[{"image_id": "42", "caption": "a man water skiing on a board in the water"}]
727	[{"image_id": "42", "caption": "a man doing a trick on a skateboard in the air"}]
728	[{"image_id": "42", "caption": "a microwave in a kitchen with wooden cabinets"}]
729	[{"image_id": "42", "caption": "a group of white vases with flowers on a table"}]
730	[{"image_id": "42", "caption": "a woman talking on a cell phone next to a brick building"}]
731	[{"image_id": "42", "caption": "a park bench sitting next to a bush at night"}]
732	[{"image_id": "42", "caption": "a dog running with a frisbee in its mouth"}]
733	[{"image_id": "42", "caption": "two airplanes are parked at an airport"}]
734	[{"image_id": "42", "caption": "a man doing a trick on a skateboard in the air"}]
735	[{"image_id": "42", "caption": "a man in a horse drawn carriage on a street"}]
736	[{"image_id": "42", "caption": "three cows walking down a street next to a fence"}]
737	[{"image_id": "42", "caption": "a box filled with lots of different types of donuts"}]
738	[{"image_id": "42", "caption": "a man riding a wave on a surfboard in the ocean"}]
739	[{"image_id": "42", "caption": "a woman walking down a street with two sheep"}]
740	[{"image_id": "42", "caption": "three giraffes standing in a field under a tree"}]
741	[{"image_id": "42", "caption": "a group of children standing on a small boat in the water"}]
742	[{"image_id": "42", "caption": "a display case of donuts and pastries in a bakery"}]
743	[{"image_id": "42", "caption": "a bunch of surfboards on a rack on the beach"}]
744	[{"image_id": "42", "caption": "a person standing in the snow with a snowboard"}]
745	[{"image_id": "42", "caption": "a man hitting a tennis ball on a tennis court"}]
746	[{"image_id": "42", "caption": "two sheep standing on top of a hill"}]
747	[{"image_id": "42", "caption": "a man swinging a tennis racket on a tennis court"}]
748	[{"image_id": "42", "caption": "a plate with a variety of food on a table"}]
749	[{"image_id": "42", "caption": "a plate of food with a stir fry with broccoli"}]
750	[{"image_id": "42", "caption": "a group of bottles of wine sitting next to a plant"}]
751	[{"image_id": "42", "caption": "a man riding a wave on a surfboard in the ocean"}]
752	[{"image_id": "42", "caption": "a room with white curtains and a suitcase"}]
753	[{"image_id": "42", "caption": "a man flying through the air while riding a snowboard"}]
754	[{"image_id": "42", "caption": "a dog sitting next to a red fire hydrant"}]
755	[{"image_id": "42", "caption": "a traffic light with two red and green lights"}]
756	[{"image_id": "42", "caption": "a young boy riding a skateboard on a ramp"}]
757	[{"image_id": "42", "caption": "two donuts on a table with a cup of coffee"}]
758	[{"image_id": "42", "caption": "two giraffes eating leaves from a tree in a field"}]
759	[{"image_id": "42", "caption": "a woman in a black dress riding a skateboard"}]
760	[{"image_id": "42", "caption": "a baseball player holding a bat at home plate"}]
761	[{"image_id": "42", "caption": "a small robot is standing next to a toothbrush"}]
762	[{"image_id": "42", "caption": "a group of zebras and a giraffe in a field"}]
763	[{"image_id": "42", "caption": "a man doing a trick on a skateboard in the air"}]
764	[{"image_id": "42", "caption": "a man is cross country skiing in the snow"}]
765	[{"image_id": "42", "caption": "a man sitting on the front of a boat in the water"}]
766	[{"image_id": "42", "caption": "three giraffes standing in a field under a tree"}]
767	[{"image_id": "42", "caption": "a group of young people playing a game of frisbee"}]
768	[{"image_id": "42", "caption": "a display of dishes and sinks on a shelf in a museum"}]
769	[{"image_id": "42", "caption": "an image of a man skiing down a mountain"}]
770	[{"image_id": "42", "caption": "a man and a woman flying a kite on the beach"}]
771	[{"image_id": "42", "caption": "a room with white curtains and a suitcase"}]
772	[{"image_id": "42", "caption": "a red dump truck driving down a dirt road"}]
773	[{"image_id": "42", "caption": "a man doing a trick on a skateboard on a box"}]
774	[{"image_id": "42", "caption": "a group of boats docked on the water under a bridge"}]
775	[{"image_id": "42", "caption": "a man doing a trick on a skateboard on a rail"}]
776	[{"image_id": "42", "caption": "two giraffes standing next to a rock wall"}]
777	[{"image_id": "42", "caption": "two ducks swimming on a body of water"}]
778	[{"image_id": "42", "caption": "a man serving a tennis ball on a tennis court"}]
779	[{"image_id": "42", "caption": "a person is skiing down a snow covered slope"}]
780	[{"image_id": "42", "caption": "a park with benches and a greenhouse with flowers"}]
781	[{"image_id": "42", "caption": "two men skateboarding on a ramp at a skate park"}]
782	[{"image_id": "42", "caption": "two men jumping in the air to catch a frisbee"}]
783	[{"image_id": "42", "caption": "a bathroom with a sink and a large mirror"}]
784	[{"image_id": "42", "caption": "two giraffes standing next to a rock wall"}]
785	[{"image_id": "42", "caption": "a black and white cow grazing in a field"}]
786	[{"image_id": "42", "caption": "a bathroom with a sink and a large mirror"}]
787	[{"image_id": "42", "caption": "a man is cross country skiing in the snow"}]
788	[{"image_id": "42", "caption": "two blue and white airplanes parked in front of an airport"}]
789	[{"image_id": "42", "caption": "a young man playing with a frisbee on the beach"}]
790	[{"image_id": "42", "caption": "a yellow fire hydrant spewing water onto a street"}]
791	[{"image_id": "42", "caption": "a woman standing next to a horse looking at a car"}]
792	[{"image_id": "42", "caption": "a baseball player running to a base on a field"}]
793	[{"image_id": "42", "caption": "a green street sign on the side of a road"}]
794	[{"image_id": "42", "caption": "a room with white curtains and a suitcase"}]
795	[{"image_id": "42", "caption": "a man riding skis on top of a snow covered mountain"}]
796	[{"image_id": "42", "caption": "people waiting for their luggage at an airport"}]
797	[{"image_id": "42", "caption": "an empty kitchen with wooden cabinets and a sink"}]
798	[{"image_id": "42", "caption": "an empty kitchen with wooden cabinets and a sink"}]
799	[{"image_id": "42", "caption": "a man riding a wave on a surfboard in the ocean"}]
800	[{"image_id": "42", "caption": "a man standing next to a tree with a giraffe"}]
801	[{"image_id": "42", "caption": "a person is skiing down a snow covered slope"}]
802	[{"image_id": "42", "caption": "a person looking at a plane on an airport runway"}]
803	[{"image_id": "42", "caption": "two people on skis posing for a picture in the snow"}]
804	[{"image_id": "42", "caption": "a giraffe with its neck up in the air"}]
805	[{"image_id": "42", "caption": "a man riding a snowboard down a snow covered street"}]
806	[{"image_id": "42", "caption": "a man riding a wave on a surfboard in the ocean"}]
807	[{"image_id": "42", "caption": "two zebras standing in a field of grass"}]
808	[{"image_id": "42", "caption": "a bathroom with a sink and a wall of pictures"}]
809	[{"image_id": "42", "caption": "a train on the tracks in front of a building"}]
810	[{"image_id": "42", "caption": "two donuts on a table with a cup of coffee"}]
811	[{"image_id": "42", "caption": "a display case of donuts and pastries in a bakery"}]
812	[{"image_id": "42", "caption": "a traffic light with two red and green lights"}]
813	[{"image_id": "42", "caption": "a dog running with a frisbee in its mouth"}]
814	[{"image_id": "42", "caption": "a man riding a wave on a surfboard in the ocean"}]
815	[{"image_id": "42", "caption": "a black and white cow grazing in a field"}]
816	[{"image_id": "42", "caption": "a baseball player swinging a bat on a field"}]
817	[{"image_id": "42", "caption": "a man hitting a tennis ball on a tennis court"}]
818	[{"image_id": "42", "caption": "a park bench sitting next to a bush at night"}]
819	[{"image_id": "42", "caption": "two men playing with a soccer ball in a parking lot"}]
820	[{"image_id": "42", "caption": "a man and a woman flying a kite on the beach"}]
821	[{"image_id": "42", "caption": "a microwave in a kitchen with wooden cabinets"}]
822	[{"image_id": "42", "caption": "a bathroom with a tub and a sink and a toilet"}]
823	[{"image_id": "42", "caption": "a bathroom with a toilet and a sink"}]
824	[{"image_id": "42", "caption": "a plate of food with a stir fry with broccoli"}]
825	[{"image_id": "42", "caption": "a group of girls playing a game of basketball on a court"}]
826	[{"image_id": "42", "caption": "a green bus is parked in a parking lot"}]
827	[{"image_id": "42", "caption": "a baseball player swinging a bat at a ball"}]
828	[{"image_id": "42", "caption": "a living room with a tv on top of a fireplace"}]
829	[{"image_id": "42", "caption": "a woman is standing on skis in the snow"}]
830	[{"image_id": "42", "caption": "a man doing a trick on a skateboard in the air"}]
831	[{"image_id": "42", "caption": "a street with a brick wall next to a building"}]
832	[{"image_id": "42", "caption": "a bird sitting on a park bench in the rain"}]
833	[{"image_id": "42", "caption": "a woman walking down a street with two sheep"}]
834	[{"image_id": "42", "caption": "a woman brushing her teeth in front of a bathroom mirror"}]
835	[{"image_id": "42", "caption": "a woman is looking at a bird flying in the sky"}]
836	[{"image_id": "42", "caption": "a giraffe laying on the ground with other giraffes"}]
837	[{"image_id": "42", "caption": "a man doing a trick on a skateboard on a rail"}]
838	[{"image_id": "42", "caption": "a man and a woman standing on a picnic table under an umbrella"}]
839	[{"image_id": "42", "caption": "a green street sign on the side of a road"}]
840	[{"image_id": "42", "caption": "a man walking in the rain with an umbrella"}]
841	[{"image_id": "42", "caption": "a bathroom with a toilet and a tub and a sink"}]
842	[{"image_id": "42", "caption": "a man riding a snowboard down a snow covered street"}]
843	[{"image_id": "42", "caption": "a train on the tracks in front of a building"}]
844	[{"image_id": "42", "caption": "a kitchen with wooden cabinets and a sink"}]
845	[{"image_id": "42", "caption": "a group of girls playing a game of basketball on a court"}]
846	[{"image_id": "42", "caption": "a dog catching a blue frisbee in its mouth"}]
847	[{"image_id": "42", "caption": "a group of zebras and a giraffe in a field"}]
848	[{"image_id": "42", "caption": "two giraffes eating leaves from a tree in a field"}]
849	[{"image_id": "42", "caption": "a person riding a skateboard on a ramp at a skate park"}]
850	[{"image_id": "42", "caption": "a woman walking down a street with a suitcase and a traffic light"}]
851	[{"image_id": "42", "caption": "two elephants standing next to each other in a cage"}]
852	[{"image_id": "42", "caption": "a young boy riding a skateboard on a ramp"}]
853	[{"image_id": "42", "caption": "a black and white vase with a bird in it"}]
854	[{"image_id": "42", "caption": "a man swinging a tennis racket on a tennis court"}]
855	[{"image_id": "42", "caption": "a woman walking down a road with a do not enter sign"}]
856	[{"image_id": "42", "caption": "a drawer full of apples and other fruits and vegetables"}]
857	[{"image_id": "42", "caption": "two men skateboarding on a ramp at a skate park"}]
858	[{"image_id": "42", "caption": "a yellow fire hydrant spewing water onto a street"}]
859	[{"image_id": "42", "caption": "two airplanes are parked at an airport"}]
860	[{"image_id": "42", "caption": "a man sitting at a desk with a laptop computer"}]
861	[{"image_id": "42", "caption": "a group of cows in a field with palm trees"}]
862	[{"image_id": "42", "caption": "a person sitting in the snow with a snowboard"}]
863	[{"image_id": "42", "caption": "two sheep sitting in a grassy field"}]
864	[{"image_id": "42", "caption": "a small robot is standing next to a toothbrush"}]
865	[{"image_id": "42", "caption": "a man is standing on skis in the snow"}]
866	[{"image_id": "42", "caption": "a person standing in the snow with a snowboard"}]
867	[{"image_id": "42", "caption": "a woman in a black dress riding a skateboard"}]
868	[{"image_id": "42", "caption": "a pink bathroom with a toilet and a sink"}]
869	[{"image_id": "42", "caption": "a man riding a wave on a surfboard in a river"}]
870	[{"image_id": "42", "caption": "a man riding a wave on a surfboard in the ocean"}]
871	[{"image_id": "42", "caption": "two people on skis posing for a picture in the snow"}]
872	[{"image_id": "42", "caption": "a group of elephants standing under a shelter"}]
873	[{"image_id": "42", "caption": "two young boys holding tennis rackets on a court"}]
874	[{"image_id": "42", "caption": "a man flying through the air on a snowboard"}]
875	[{"image_id": "42", "caption": "two sheep standing on top of a hill"}]
876	[{"image_id": "42", "caption": "a giraffe with its neck up in the air"}]
877	[{"image_id": "42", "caption": "a man flying through the air while riding a snowboard"}]
878	[{"image_id": "42", "caption": "a window with vases sitting on a stone wall"}]
879	[{"image_id": "42", "caption": "a green bus is parked in a parking lot"}]
880	[{"image_id": "42", "caption": "a man hitting a tennis ball with a racket"}]
881	[{"image_id": "42", "caption": "a man is cross country skiing in the snow"}]
882	[{"image_id": "42", "caption": "a group of blue and yellow umbrellas in front of a building"}]
883	[{"image_id": "42", "caption": "a man is standing on skis in the snow"}]
884	[{"image_id": "42", "caption": "a baseball player swinging a bat at a game"}]
885	[{"image_id": "42", "caption": "a red garage door with a cell phone painted on it"}]
886	[{"image_id": "42", "caption": "a horse drawn carriage in front of a house"}]
887	[{"image_id": "42", "caption": "a horse drawn carriage in front of a house"}]
888	[{"image_id": "42", "caption": "a person sitting in the snow with a snowboard"}]
889	[{"image_id": "42", "caption": "a woman brushing her teeth in front of a bathroom mirror"}]
890	[{"image_id": "42", "caption": "two giraffes walking in the brush in a field"}]
891	[{"image_id": "42", "caption": "a man riding a snowboard down a snow covered street"}]
892	[{"image_id": "42", "caption": "a group of ducks swimming in the water"}]
893	[{"image_id": "42", "caption": "a yellow fire hydrant spewing water onto a street"}]
894	[{"image_id": "42", "caption": "a man serving a tennis ball on a tennis court"}]
895	[{"image_id": "42", "caption": "a microwave and a stove in a kitchen"}]
896	[{"image_id": "42", "caption": "a man riding a horse jumping over a hurdle"}]
897	[{"image_id": "42", "caption": "a man doing a trick on a skateboard on a box"}]
898	[{"image_id": "42", "caption": "a box filled with lots of different types of donuts"}]
899	[{"image_id": "42", "caption": "a man hitting a tennis ball on a tennis court"}]
900	[{"image_id": "42", "caption": "a man riding a wave on a surfboard in the ocean"}]
901	[{"image_id": "42", "caption": "two ducks swimming on a body of water"}]
902	[{"image_id": "42", "caption": "a man swinging a tennis racket on a tennis court"}]
903	[{"image_id": "42", "caption": "a man doing a trick on a skateboard on a rail"}]
904	[{"image_id": "42", "caption": "a boat on the water next to a hill with trees"}]
905	[{"image_id": "42", "caption": "a person is skiing down a snow covered slope"}]
906	[{"image_id": "42", "caption": "two women standing next to a brick wall with skateboards"}]
907	[{"image_id": "42", "caption": "a man flying through the air on a snowboard"}]
908	[{"image_id": "42", "caption": "a woman is feeding a giraffe at a zoo"}]
909	[{"image_id": "42", "caption": "a young boy playing tennis on a tennis court"}]
910	[{"image_id": "42", "caption": "a man riding a motorcycle on a dirt road"}]
911	[{"image_id": "42", "caption": "a bathroom with a white sink and a toilet"}]
912	[{"image_id": "42", "caption": "a person is skiing down a snow covered slope"}]
913	[{"image_id": "42", "caption": "a man standing on top of a snow covered mountain"}]
914	[{"image_id": "42", "caption": "a man and a woman standing on a picnic table under an umbrella"}]
915	[{"image_id": "42", "caption": "a park with benches and a greenhouse with flowers"}]
916	[{"image_id": "42", "caption": "a man throwing a frisbee in a park"}]
917	[{"image_id": "42", "caption": "a group of boats docked on the water under a bridge"}]
918	[{"image_id": "42", "caption": "a giraffe with its neck up in the air"}]
919	[{"image_id": "42", "caption": "a man is cross country skiing in the snow"}]
920	[{"image_id": "42", "caption": "a train is pulling into a train station"}]
921	[{"image_id": "42", "caption": "a display of dishes and sinks on a shelf in a museum"}]
922	[{"image_id": "42", "caption": "a dog running with a frisbee in its mouth"}]
923	[{"image_id": "42", "caption": "a baseball player throwing a ball on the mound"}]
924	[{"image_id": "42", "caption": "a group of girls playing a game of basketball on a court"}]
925	[{"image_id": "42", "caption": "a man in a horse drawn carriage on a street"}]
926	[{"image_id": "42", "caption": "a bunch of hot dogs cooking on a grill"}]
927	[{"image_id": "42", "caption": "a giraffe with its neck up in the air"}]
928	[{"image_id": "42", "caption": "a black and white vase with a bird in it"}]
929	[{"image_id": "42", "caption": "a man riding skis on top of a snow covered mountain"}]
930	[{"image_id": "42", "caption": "a pink bathroom with a toilet and a sink"}]
931	[{"image_id": "42", "caption": "a man is standing on skis in the snow"}]
932	[{"image_id": "42", "caption": "three giraffes standing in a field under a tree"}]
933	[{"image_id": "42", "caption": "a kitchen with wooden cabinets and stainless steel appliances"}]
934	[{"image_id": "42", "caption": "a woman stirring a pan of food in a kitchen"}]
935	[{"image_id": "42", "caption": "a group of ducks swimming in the water"}]
936	[{"image_id": "42", "caption": "a dog sitting next to a red fire hydrant"}]
937	[{"image_id": "42", "caption": "a plate of food with rice and vegetables on a tray"}]
938	[{"image_id": "42", "caption": "a man riding a wave on a surfboard in the ocean"}]
939	[{"image_id": "42", "caption": "a man is standing in a pile of snow"}]
940	[{"image_id": "42", "caption": "a woman stirring a pan of food in a kitchen"}]
941	[{"image_id": "42", "caption": "a man doing a trick on a skateboard on a box"}]
942	[{"image_id": "42", "caption": "a boy doing a trick on a skateboard in front of a building"}]
943	[{"image_id": "42", "caption": "a traffic light with two red and green lights"}]
944	[{"image_id": "42", "caption": "a red double decker bus driving down a street"}]
945	[{"image_id": "42", "caption": "a woman in a kitchen putting something in the oven"}]
946	[{"image_id": "42", "caption": "a baseball player holding a bat at home plate"}]
947	[{"image_id": "42", "caption": "a group of motorcycles parked in front of a building"}]
948	[{"image_id": "42", "caption": "a man flying through the air while riding a snowboard"}]
949	[{"image_id": "42", "caption": "a woman taking a picture of herself in a mirror"}]
950	[{"image_id": "42", "caption": "a giraffe with its neck up in the air"}]
951	[{"image_id": "42", "caption": "a bathroom with a white sink and a toilet"}]
952	[{"image_id": "42", "caption": "a man riding a wave on a surfboard in the ocean"}]
953	[{"image_id": "42", "caption": "a zebra standing next to another zebra laying on the ground"}]
954	[{"image_id": "42", "caption": "a man riding a motorcycle on a dirt road"}]
955	[{"image_id": "42", "caption": "a car is parked next to a street sign"}]
956	[{"image_id": "42", "caption": "a bathroom with a sink and a toilet and a mirror"}]
957	[{"image_id": "42", "caption": "two airplanes are parked at an airport"}]
958	[{"image_id": "42", "caption": "a man flying through the air on a snowboard"}]
959	[{"image_id": "42", "caption": "a man doing a trick on a skateboard in the air"}]
960	[{"image_id": "42", "caption": "a man doing a trick on a skateboard in the air"}]
961	[{"image_id": "42", "caption": "a bathroom with a toilet and a tub and a sink"}]
962	[{"image_id": "42", "caption": "a boy doing a trick on a skateboard in front of a building"}]
963	[{"image_id": "42", "caption": "a row of signs on the side of a fence"}]
964	[{"image_id": "42", "caption": "a kitchen with wooden cabinets and a sink"}]
965	[{"image_id": "42", "caption": "a baseball player throwing a ball on a field"}]
966	[{"image_id": "42", "caption": "a red dump truck driving down a dirt road"}]
967	[{"image_id": "42", "caption": "a bathroom with a toilet and a tub and a sink"}]
968	[{"image_id": "42", "caption": "a window with vases sitting on a stone wall"}]
969	[{"image_id": "42", "caption": "a man riding a bike down a dirt road"}]
970	[{"image_id": "42", "caption": "a man and a woman flying a kite on the beach"}]
971	[{"image_id": "42", "caption": "a computer monitor and a keyboard and mouse on a desk"}]
972	[{"image_id": "42", "caption": "a man serving a tennis ball on a tennis court"}]
973	[{"image_id": "42", "caption": "an image of a man skiing down a mountain"}]
974	[{"image_id": "42", "caption": "two ducks swimming on a body of water"}]
975	[{"image_id": "42", "caption": "a man doing a trick on a skateboard on a box"}]
976	[{"image_id": "42", "caption": "a group of girls playing a game of basketball on a court"}]
977	[{"image_id": "42", "caption": "a young boy playing tennis on a tennis court"}]
978	[{"image_id": "42", "caption": "a dog sitting next to a red fire hydrant"}]
979	[{"image_id": "42", "caption": "a person is holding an umbrella and a chair"}]
980	[{"image_id": "42", "caption": "two men playing with a soccer ball in a parking lot"}]
981	[{"image_id": "42", "caption": "a plate of carrots and other vegetables on a table"}]
982	[{"image_id": "42", "caption": "a bathroom with a tub and a sink and a toilet"}]
983	[{"image_id": "42", "caption": "a dog sitting next to a red fire hydrant"}]
984	[{"image_id": "42", "caption": "a group of ducks swimming in the water"}]
985	[{"image_id": "42", "caption": "a group of people sitting on the beach under an umbrella"}]
986	[{"image_id": "42", "caption": "two airplanes are parked at an airport"}]
987	[{"image_id": "42", "caption": "a dog running with a frisbee in its mouth"}]
988	[{"image_id": "42", "caption": "a red double decker bus driving down a street"}]
989	[{"image_id": "42", "caption": "two men playing with a soccer ball in a parking lot"}]
990	[{"image_id": "42", "caption": "a man riding a wave on a surfboard in the ocean"}]
991	[{"image_id": "42", "caption": "a group of cows in a field with palm trees"}]
992	[{"image_id": "42", "caption": "a man riding a wave on a surfboard in the ocean"}]
993	[{"image_id": "42", "caption": "a black and white cow grazing in a field"}]
994	[{"image_id": "42", "caption": "a group of people sitting on the shore of a body of water"}]
995	[{"image_id": "42", "caption": "a plate of food with a stir fry with broccoli"}]
996	[{"image_id": "42", "caption": "two zebras playing with each other in a field"}]
997	[{"image_id": "42", "caption": "two men jumping in the air to catch a frisbee"}]
998	[{"image_id": "42", "caption": "a red double decker bus driving down a street"}]
999	[{"image_id": "42", "caption": "a train on a track over a parking lot"}]
1000	[{"image_id": "42", "caption": "a man riding a wave on a surfboard in the ocean"}]
